gene	baseMean	log2FoldChange	lfcSE	stat	pvalue	padj
ENSG00000160191	76936.2495878999	3.0723586625512853	0.15521244542040738	19.79453808764829	3.3177954962445033e-87	7.597751686399913e-85
ENSG00000154734	22866.18194636272	3.442493282774291	0.17937488151451864	19.191612859661483	4.349295958280624e-82	4.979943872231314e-80
ENSG00000154723	7343.998756248999	2.58271232029844	0.16387102935687003	15.76064012311743	5.804210158784253e-56	4.430547087871979e-54
ENSG00000180509	30230.089939061872	2.9441032355141465	0.20002575381710433	14.718620874220619	4.8954228712821376e-49	2.8026295938090236e-47
ENSG00000183145	9994.3692014475655	2.891352729343177	0.24882965813232796	11.619807506248115	3.268718987329785e-31	1.4970732961970415e-29
ENSG00000276289	11797.420890498055	2.860414335116021	0.4650110942359162	6.151281916867201	7.685915828758288e-10	2.9334578746427465e-8
ENSG00000277277	724.4955651750163	0.9285434966722581	0.2639160080647103	3.5183295756905584	4.3427265462315856e-4	0.014206919701243331
